Metadata Id,Title,Responsible Name,Responsible Email,Reference Date,Language,Scale,Lineage,Citation Text,Disclaimer,Original Metadata ID
756,Protected Areas of the United States: Global Marine Protected Areas Database (MPA Global),"IUCN Global Marine Programme and UNEP and IUCN, dataset hosted and managed by UNEP World Conservation Monitoring Centre (UNEP-WCMC)",Not Reported,01/Oct/2013,English,0,"The MPA Global project was an extensive review of Marine Protected Areas, undertaken through the Sea Around Us Project and the Uni. of British Columbia with the support of WWF and UNEP-WCMC. It has been continually integrated into the WDPA since 2003.",,,808
2297,"Pre-release Protected Areas Database of the United States (PADUS), version 1.3. Marine Protected Areas.","US Geological Survey, Gap Analysis Program (GAP), National Operations Office, University of Idaho",lduarte@uidaho.edu,01/Jan/2011,English,0,"GIS data for all sites were collected from authoritative sources. Data were either downloaded from public websites, requested directly from MPA managers or digitized based on legal definitions (eg US Code of Federal Regulations).","US Geological Survey, Gap Analysis Program (GAP).  January 2012.  Pre-release Protected Areas Database of the United States (PADUS), version 1.3 Marine Protected Areas.  National Operations Office, University of Idaho.",,1224
1949,Ramsar Wetlands of International Importance,Ramsar Secretariat,protectedareas@unep-wcmc.org,01/Jan/2011,English,0,"Information based on Ramsar List, September 2011, on Ramsar website, and Ramsar Sites Database hosted by Wetlands International",,,947
788,Protected Areas Database of the United States of America (PADUS) version 1.1,US Geological Survey (USGS) National Biological Information Infrastructure (NBII) Gap Analysis Program (GAP),"lduarte@uidaho.edu
lduarte@uidaho.edu",01/Jan/2010,English,100000,"The Protected Areas Database of the United States (PAD-US) is a geodatabase that illustrates and describes public land ownership, management and conservation lands nationally, including voluntarily provided privately protected areas",,,847
1720,Protect Planet Ocean Reconciliation,UNEP-WCMC and IUCN,protectedareas@unep-wcmc.org,01/Jan/2010,English,0,"Where the WDPA had obtained updates for countries more recent that PPO, those sites were not updated. 14787 attributes were updated for polygons, 378 for points, 75 new points were added and 8 new polygons.",,,878
2454,UNESCO-MAB Biosphere Reserve,"Bureau of the International Co-ordinating Council of the MAB Programme (MAB-ICC) (18th Sesssion), UNESCO HQ Paris",Not Reported,01/Jan/2004,English,0,25-29 October 2004,,,1251
1860,Canadian Areas Tracking and Reporting System (CARTS) Protected Areas Dataset,Canadian Council on Ecological Areas,Not Reported,01/Jan/2010,English,0,Collated from Provincial and Federal Authorities throughout Canada by the CCEA.,,,895
500,Offical Protected Areas of Quebec,"Ministère de l'Environnement du Québec, Canada",Not Reported,01/Jan/2003,English,0,"Ministère de l'Environnement du Québec  (Environment Quebec),  http://www.menv.gouv.qc.ca/biodiversite/aires_protegees/,  UN List 2003 update June 2003",,,501
2632,Protected Areas Canada,"Gouvernement du Quebec, Canada",Not Reported,01/Jan/2005,English,0,Available at http://www2.publicationsdu.gouv.qc.ca/dynamicSearch/telecharge.php?type=2&file=/C_61 _1/C61_1_A.html,An Act Respecting the Conservation and Development of Wildlife 2005. (Québec). Regulations and Statutes of Quebec C-61.1,,1171
309,Protected areas in Quebec,WWF Canada,Not Reported,01/Jan/1995,English,2000000,Not Reported,,,309
2633,Protected Areas Canada,"Ministère du Développement Durable de l’Environnement et des Parcs and Direction du Développement Durable du patrimoine écologique et des parcs, Canada",Not Reported,01/Jan/2005,English,0,Projet de Registre des Aires Protégées. Edition: July 2005 (Preliminary version).,,,1172
606,Source is currently unknown,Not Reported,Not Reported,01/Oct/2013,English,0,Not Reported,,,744
2346,UNESCO-MAB Biosphere Reserve,UNESCO-MAB,Not Reported,01/Jan/2004,English,0,"Updated using MAB website (updated 3rd June 2004), accessed June 2004 .Also: World Heritage Sites that are also Biosphere Reserves, July 2003",,,988
2649,Protected areas of Bermuda,Not Reported,Not Reported,01/Jan/2000,English,0,"Protected Areas Flyer, 2000",,,1531
13,Protected areas of Bermuda,Bermuda Public Works Department,Not Reported,01/Jan/1990,English,10560,Ordnance Survey Map series of Bermuda. PA's digitised from these maps.,,,13
2367,Protected Areas of Bermuda,"Department of Agriculture, Fisheries and Parks, Bermuda",Not Reported,01/Jan/1991,English,0,"Protected Areas List from Dept. Agriculture, Fisheries and Parks on 21/01/1991.",,,1034
2560,Protected Areas of Bermuda,Bermuda Biodiversity Project,Not Reported,01/Jan/2001,English,0,Not Reported,,,1453
2317,Protected Areas of Bermuda,"Government of Bermuda, Ministry of Public Works, Department of Conservation Services",Not Reported,01/Jan/2001,English,0,Bermuda Biodiversity Project 2001,,,950
2331,Protected Areas of Bahamas,Bahamas National Trust,Not Reported,01/Jan/2002,English,0,"Newsletter of the Bahamas National Trust, Vol 8 Number 1 dated, June 2002",,,972
607,Source is currently unknown,Not Reported,Not Reported,01/Oct/2013,English,0,Not Reported,,,745
1922,Global system of marine protected areas,"IUCN, the World Bank and Great Barrier Reef Marine Park Authority",Not Reported,01/Jan/1995,English,0,Not Reported,"Kelleher, G., Bleakley, C. and Wells, S. (1995) A Global Representative System of Marine Protected Areas. Great Barrier Reef Marine Park Authority, The World Bank, and IUCN, Washington, D.C. 4 vols.",,926
2356,Abaco,The Bahamas National Trust,Not Reported,01/Jan/1996,English,0,In litteris - in a letter or other documented correspondence - Sep 1996.,,,1005
1915,World Heritage Sites update,IUCN,protectedareas@unep-wcmc.org,01/Jan/2012,English,0,"Geometry digitised from UNESCO nominations, missions, retrospective inventory data and maps. WDPAID 555547990: Boundaries taken from the spatial data that was provided by India as part of the re-nomination.",,,946
2369,Protected Areas of Bahamas,Not Reported,Not Reported,01/Jan/1986,English,0,Not Reported,,,1038
2354,Protected Areas of Bahamas,Bahamas National Trust,Not Reported,01/Jan/1991,English,0,"Bahamas National Trust in litt, 26/04/1991.",,,1003
2337,Moriah Harbour Cay,UNEP-WCMC,Not Reported,01/Jan/2004,English,0,"Newsletter of the Bahamas National Trust, Vol 8 Number 1 dated, June 2002 & Islands of the Bahamas Website, accessed August 2004",,,978
2619,Protected Areas of Cuba,Centro Nacional de Areas Protegidas de Cuba,Not Reported,01/Jan/2003,English,0,"New dataset for UN List 2003, June 2003, website: http://www.medioambiente.cu",,,1075
529,Official protected areas of Cuba,"National System of Protected Areas (SNAP), Cuba",Not Reported,01/Jan/2003,English,0,"Supplied by Jose L Gerhatz, National Centre for Protected Areas of Cuba, 18-A # 4114 e/ 41 y 47. Playa. La Habana 11300.",,,532
303,Protected areas of Turks and Caicos Islands,Not Reported,Not Reported,01/Jan/1995,English,2500,Photocopied A4 sheet showing protected area outline,,,303
302,Protected areas of Turks and Caicos Islands,Ordnance Survey of UK,Not Reported,01/Jan/1985,English,2500,Digitised at UNEP-WCMC,,,302
301,"North, Middle and East Caicos",Ramsar Secretariat,Not Reported,01/Jan/1990,English,0,Sketch map from Ramsar Convention. Data the same as the Ramsar Site.,,,301
751,Source title is currently unknown,Not Reported,Not Reported,01/Oct/2013,English,0,Not Reported,,,759
773,Protected areas of the Dominican Republic,"UNEP-WCMC from Ministry of Environment (MoE), Dominican Republic website",Not Reported,01/Jan/2004,English,0,"Attribute information updated by protectedareas UNEP-WCMC through MoE website, March 2011: http://www.ambiente.gob.do/cms/index.php?option=com_content&task=blogcategory&id=60&Itemid=232. Previous source: Caribbean Region's Environment Unit (LATEN), 1996",,,830
391,Protected Areas of Cayman Islands,"Department of Environment, Cayman Islands",Not Reported,01/Jan/2003,English,0,Cayman Islands Submission to the 2003 UN List of Protected Areas,,,391
767,Base de Datos Geográfica de Áreas Naturales Protegidas Estatales del Distrito Federal y Municipales de MT Mexico para Analisis Espaciales Versiones 0.1 04/2007 y 1.0 08/2007,"Comisión Nacional de Áreas Naturales Protegidas (CONANP), Mexico, The Nature Conservancy, Mexico, PRONATURA, Mexico, Comisión Nacional para el Conocimiento y Uso de la Biodiversidad (CONABIO), Mexico",Not Reported,01/Jan/2007,English,250000,La conversión del medio analógico al digital fue a través de tableta digitalizadora o captura de coordenadas directa. Con ArcMapa 8.3.Asf como las Áreas destinadas Voluntariamente a la Conservación certificadas por la Comisión,,,824
501,Protected areas of Mexico,"La Secretaría de Medio Ambiente y Recursos Naturales (SEMARNAT) - La Comisión Nacional de Áreas Naturales Protegidas (CONANP), Mexico",Not Reported,01/Jan/2003,English,0,CONANP-SEMARNAT provided updated GIS dataset.,,,502
2654,Navassa,UNEP-WCMC,Not Reported,01/Jan/2004,English,0,"US Fish and Wildlife Service - Navassa National Wildlife Refgue, accessed 10/04/2004.",,,1550
2021,Protected Areas of Jamaica,"Mapping and Data Management, National Environment and Planning Agency, Jamaica",gbennett@nepa.gov.jm; ranya.reid@nepa.gov.jm,01/Jan/2010,English,50000,The boundaries of the various  protected areas were created between 1997 and 2002  [1992- A Plan for a System of Protected Areas in Jamaica first developed 1997- the Policy for Jamaica’s System of Protected Areas developed revised 2004],"Jamaica's System of Protected Areas (2010) National Environment and Planning Agency (NEPA), Jamaica.",,909
750,Source is currently unknown,Not Reported,Not Reported,01/Oct/2013,English,0,Not Reported,,,758
2407,National Wildlife Refuge,UNEP-WCMC,Not Reported,01/Oct/2013,English,0,http://www.fws.gov,,,1183
1933,UNESCO-MAB Biosphere Reserves,UNESCO-MAB,Not Reported,01/Jan/2003,English,0,MAB UNESCO Biosphere Directory.  http://www2.unesco.org/mab/br/brdir/directory/biores.asp?mode=all&code=CAN+12\fs17. Accessed Jan & March 2003.,,,928
358,Washington Datafest with Conservation International October 2002,"Conservation International, Washington, USA",Not Reported,01/Jan/2002,English,0,Data exchange workshop between multiple NGOs convened by Conservation International in Washington in October 2002,,,358
2413,Protected Areas of Puerto Rico,"Department of natural resources (DNR), Jorge Palou Pujos",Not Reported,01/Jan/1993,English,0,In litteris - in a letter or other documented correspondence,,,1192
2390,Marine protected areas in Puerto Rico,"Aguilar-Perera, A., Scharer, M. & Valdes-Pizzini, M.",Not Reported,01/Jan/2006,English,0,Not Reported,"Aguilar-Perera, A., Scharer, M. & Valdes-Pizzini, M. (In Press, Corrected Proof) Marine protected areas in Puerto Rico: Historical and current perspectives. Ocean & Coastal Management.",,1123
2336,Arrecifes de la Cordillera,UNEP-WCMC,Not Reported,01/Jan/2004,English,0,"La Cordillera Natural Reserve - CEDUCAPR website, accessed 10/08/2004.",,,977
286,Protected areas in the British Virgin Islands,"Directorate of Overseas Surveys, UK",Not Reported,01/Jan/1982,English,63360,Derived together with data in WCMC - PA,,,286
2421,Anegada Island,Not Reported,Not Reported,01/Jan/1987,English,0,Not Reported,,,1203
2372,Protected areas of the Caribbean,UNEP Caribbean Environment Programme (CEP),Not Reported,01/Jan/2002,English,0,"Technical reports for Puerto Rico No. 36 dated 1996, October 2002.","UNEP Caribbean Environment Programme (CEP) tech reports for Puerto Rico No. 36 dated 1996 (see doc link), October 2002.",,1041
2408,British Virgin Islands,Prelim. Data Atlas,Not Reported,01/Jan/1980,English,0,Not Reported,,,1186
2428,Protected areas of British Virgin Islands,Coral Reef Directory,Not Reported,01/Oct/2013,English,0,Not Reported,,,1216
647,Mexico Protected Areas,"La Comisión Nacional de Áreas Naturales Protegidas (CONANP) and Secretaría de Medio Ambiente y Recursos Naturales (SEMARNAT), Mexico",Not Reported,01/Jan/2005,English,0,Not Reported,,,639
2404,Sandy Cay,Not Reported,Not Reported,01/Jan/1991,English,0,Personal communication,,,1177
551,Protected areas of the U. S. Virgin Islands,"University of the Virgin Islands, Conservation Data Center, USA",Not Reported,01/Jan/2003,English,0,Not Reported,,,555
2325,Jobos Bay National Estuarine Research Reserve,UNEP-WCMC,Not Reported,01/Jan/2004,English,0,"National Oceanic and Atmospheric Administration website, http://www.ocrm.nos.noaa.gov/nerr/reserves/nerrjobos.html, site revised 18/02/2004, accessed 10/08/2004",,,959
2318,Caribbean Marine Protected Areas,Caribbean Marine Protected Area Management (CaMPAM),Not Reported,01/Oct/2013,English,0,CaMPAM and various web,,,953
2348,Sandy Island,Not Reported,Not Reported,01/Jan/1993,English,0,Marine Parks Ordinances 1993,,,993
2409,Salt River Submarine Canyon NHS,UNEP/IUCN,Not Reported,01/Jan/1988,English,0,Not Reported,"UNEP/IUCN Coral Reef Directory, 1988",,1187
2385,Protected Areas of Anguilla,"Department of Fisheries & Marine Resources, Anguilla",Not Reported,01/Jan/2007,English,0,"Personal communication. Received by Wabnitz, C. via Email.; Also source: Procter, D. and Fleming, L. V. (eds.) 1999.","Procter, D. and Fleming, L. V. (eds.) (1999) Biodiversity: the UK Overseas Territories. Peterborough, Joint Nature Conservation Committee. 131 pp. Available at http://www.jncc.gov.uk/page-3045",,1117
404,Virgin Islands Protected Areas,UNEP-WCMC,protectedareas@unep-wcmc.org,01/Jan/1995,English,0,Boundaries for three sites were digitised from an image found on the web.,,,404
2349,Prickly Pear & Sea Island,"Department of Physical Planning, Anguilla Government",Not Reported,01/Jan/2003,English,0,"Marine Parks Ordinance 1993. Latest Info: Dept of Physical Planning, Anguilla Government. UN List 2003 reply. May 2003.",,,992
2375,Protected Areas,Not Reported,Not Reported,01/Jan/2003,English,0,UN list 2003 response,,,1681
2357,Protected Areas Honduras,"Corporación Hondureña de Desarrollo Forestal (COHDEFOR), Honduras",Not Reported,01/Jan/1993,English,0,Not Reported,,,1006
2684,European Common Database on Designated Areas (ECDDA version 10) as provided by the European Environment Agency (EEA),European Environment Agency (EEA),Mette.Lund@eea.europa.eu,01/Jan/2012,English,0,Submitted by National Reference Centres to the European Environment Agency's ReportNet then collated by the European Topic Centre on Biological Diversity and formatted for the WDPA including only records with dissemination code '01' and also Finland.,,,1716
2075,Protected Areas of Belize,"Land Information Centre, Land and Surveys Department, Ministry of Natural Resources and the Environment, Belize",plio@mnrei.gov.bz,01/Jan/2011,English,50000,Not Reported,,,907
2575,Protected areas,Not Reported,Not Reported,01/Jan/1991,English,0,"Environmental Profile, 1991.",,,1632
2419,Protected areas of Saint Kitts and Nevis,Not Reported,Not Reported,01/Jan/1986,English,0,Not Reported,,,1201
2366,Protected Areas of Antigua and Barbuda,Not Reported,Not Reported,01/Jan/1993,English,0,"Personal communication  Philmore James, 1993.",,,1031
2362,Protected Areas of Antigua and Barbuda,"National Parks Authority, Antigua and Barbuda",Not Reported,01/Jan/1993,English,0,Reply to UN List 1993 request,,,1021
2616,Nelson's Dockyard,Government of Antigua and Barbuda,Not Reported,01/Oct/2013,English,0,http://www.antiguabarbuda.net/environ-law/THE%20NATIONAL%20PARKS%20ACT.pdf,,,1066
1879,Protected Areas of Belize,"Land Information Centre, Land and Surveys Department, Ministry of Natural Resources and the Environment, Belize",plio@mnrei.gov.bz,01/Jan/2011,English,10000,"","","",907
2422,Protected Areas Montserrat,Not Reported,Not Reported,01/Jan/1991,English,0,Not Reported,,,1204
2425,Protected Areas Montserrat,Sarita Francis. Montserrat National Trust,Not Reported,01/Jan/1996,English,0,In litteris - in a letter or other documented correspondence,,,1208
650,"Protected area dataset, Belize","Coastal Zone Management Authority & Institute, Belize",Not Reported,01/Jan/2004,English,0,"GIS dataset from from Belize Coastal Zone Management Authority & Institute 2004/2005, received via Emil Cherrington for the ICRAN MAR project.",,,642
88,Areas Silvestres Protegidas de Centro America,"Centro Agronomico Tropical de Investigacion y Ensenanza, Costa Rica and International Union for Conservation of Nature (IUCN)",Not Reported,01/Jan/1987,English,0,Not Reported,,,88
653,Prrotected areas of Honduras,International Coral Reef Action Network Mesoamerican Reef Alliance (ICRAN MAR) project,Not Reported,01/Jan/2002,English,0,"Digital data, original date approx. 2002, received via Emil Cherrington for the ICRAN MAR project.",,,645
798,European Common Database on Designated Areas (ECDDA version 8) as provided by the European Environment Agency (EEA),European Environment Agency (EEA),Mette.Lund@eea.europa.eu,01/Jan/2010,English,0,Submitted by National Reference Centres to the European Environment Agency's ReportNet then collated by the European Topic Centre on Biological Diversity and formatted for the WDPA including only records with dissemination code '01',,,856
74,Parc National de la Guadeloupe,"Insititut National de l'Information géographique et forestière, France",Not Reported,01/Jan/1983,English,100000,"Depicts the central zone of Guadeloupe National Park, the inner core of ""Zone de protection particulière"" and the péripheral zone ""Zone périphérique du parc""",,,74
764,Sistema Nacional de Areas Protegidas (SINAP)  de Nicaragua,"Sistema Nacional de Información Ambiental (SINIA), Chile, Dirección General de Patrimonio Natural (DGPN) and Ministerio del Ambiente y los Recursos Naturales (MARENA), Nicaragua",msanchez@marena.gob.ni,01/Jan/2007,English,0,Sistema Nacional de Areas Protegidas (SINAP)  de Nicaragua,,,820
2305,Protected areas of St Lucia,St. Lucia National Trust,Not Reported,01/Jan/1996,English,0,"Personal communication - Review of protected areas list by Giles Romulus, Director of Programmes, St. Lucia National Trust. In litteris - in a letter or other documented correspondence",,,1677
2333,Sites littoral français d'Amérique et de l'océan Indien,UNEP-WCMC,Not Reported,01/Jan/2004,English,0,"Conservatoire du Littoral Website, http://www.conservatoire-du-littoral.fr, accessed September 2004",,,974
520,Guatemala protected areas,"Central American Commission for Environment and Development (CCAD), El Salvador and Programa de las Naciones Unidas para el Desarrollo (PNUD), USA and Global Environment Facility, USA",Not Reported,01/Jan/2002,English,0,Guatemala GIS dataset received from CI - Mesoamerica. Data have been extracted from official maps of the specialized institutions of the countries in the region,,,522
760,Sistema Guatemalteco de Areas Protegidas (SIGAP),"Departamento Unidades de Conservación (DUC), Consejo Nacional de Areas Protegidas (CONAP), Guatemala",Not Reported,01/Jan/2009,English,20000,"Jorge Mario Gomez, Tecnico Sistema de Información Geográfica, Departamento de Unidades de Conservación, Consejo Nacional de Areas Protegidas, 5 avenida 6-06, zona 1, Edificio IPM, 5to, 6to, 7to Nivel",,,814
2355,Protected Areas of Dominica,"Ministry of Agriculture, Forestry & Wildlife Division, Dominica",Not Reported,01/Jan/1996,English,0,"C.S.Christian in litt, 20/03/1996.",,,1004
649,Belize Tropical Forest Studies,Belize Tropical Forest Studies (BTFS),Not Reported,01/Jan/2004,English,0,"GIS dataset from Belize Tropical Forest Studies 2004/2005, received via Emil Cherrington for the ICRAN MAR project.",,,641
2834,Protected Areas of Colombia,"Parques Nacionales Naturales de Colombia, Ministerio de Ambiente y Desarollo Sostenible, Colombia",Not Reported,01/Jan/2013,English,0,Not Reported,,,1736
648,Mapa Digital de Áreas Protegidas,"La Comisión Nacional de Áreas Naturales Protegidas (CONANP), Mexico",Not Reported,01/Jan/1999,English,0,"GIS dataset from Mapa Digital de Áreas Protegidas, CONAP, 1999, received via Emil Cherrington for the ICRAN MAR project.",,,640
2338,Seaflower,"La Corporación para el Desarrollo Sostenible del Archipiélago de San Andrés, Providencia y Santa Catalina (CORALINA), Colombia",Not Reported,01/Jan/2002,English,0,"Personal Communication with E. Taylor (Director of CORALINA) and using MAB website, accessed 13th July 2004",,,980
2551,Protected areas of Colombia,"Instituto Nacional de los Recursos Naturales Renovables y del Ambiente (INDERENA), Colombia",Not Reported,01/Jan/1991,English,0,In litteris - in a letter or other documented correspondence,,,1438
2315,Protected Areas of St Lucia,"Ministry of Agriculture, Forestry, Fisheries and the Environment, St. Lucia",Not Reported,01/Jan/1998,English,0,Not Reported,"Anonymous (1998) Biodiversity country study report of St Lucia United Nations Environment Programme (UNEP); Ministry of Agriculture, Forestry, Fisheries and the Environment St. Lucia.",,1122
612,Protected Areas of St. Lucia,"Saint Lucia Forestry Department, Ministry of Agriculture, Forestry, Lands & Fisheries and International Institute of Tropical Forestry, USDA Forest Service, USA",Not Reported,01/Jan/2004,English,0,"Protected Areas of St. Lucia  via Dr. Eileen Helmer of the International Institute of Tropical Forestry, USDA Forest Service",,,750
1943,Protected areas of Venezuela,"Fundación para la Defensa de la Naturaleza (FUDENA), Caracas, Venezuela",Not Reported,01/Jan/1996,English,0,In litteris - in a letter or other documented correspondence,,,938
2574,Sabkhat al Jabboul,International Waterfowl Research Bureau (IWRB),Not Reported,01/Jan/1972,English,0,Not Reported,,,1683
285,Republica de Venezuela - Areas Bajo Regimen de Administracion Especial,"Ministerio del Ambiente y de los Recursos Naturales Renovables and Servicio Autónomo Forestal Venezolano (SEFORVEN), Venezuela",Not Reported,01/Jan/1991,English,2500000,Characterised by 13 designations on this source map.,,,285
2074,Protected Areas of El Salvador,"Ministerio de Medio Ambiente y Recursos Naturales (MARN)/AECID, El Salvador",medioambiente@marn.gob.sv,01/Jan/2011,English,0,Not Reported,,,908
2391,Protected Areas Barbados,Not Reported,Not Reported,01/Jan/2005,English,0,"Personal communication. Received by Wood, L. J. via Email.",,,1124
645,"Folkestone Marine Park and Reserve, Barbados","Caribbean Natural Resources Institute (CANARI), Trinidad",Not Reported,01/Jan/2001,English,0,"Case Study of the Folkestone Marine Park and Reserve, Barbados.  CANARI Technical Report No. 281. Cumberbatch, J. (2001). Digitised at UNEP-WCMC.","Cumberbatch, J. (2000) Case study of the Folkstone Marine Park and Reserve, Barbados. Prepared for the Seminar Integrating Stakeholders in Participatory Natural Resource Management, Kingston, Jamaica, April 2000. CANARI Technical Report No. 281: 10 pp.",,636
2423,Protected areas Barbados,"Ministry of Health and the Environment, Environment Division, Barbados",Not Reported,01/Jan/1996,English,0,In litteris - in a letter or other documented correspondence - 12.03.96,,,1206
2386,Molinere /Beausejour,Caribbean Natural Resources Institute (CANARI),Not Reported,01/Jan/2001,English,0,Not Reported,"Geoghegan, T., Smith, A. H. & Thacker, K. (2001) Characterisation of Caribbean marine protected areas: an analysis of ecological, organisational and socio-economic factors. Caribbean Natural Resources Institute, CANARI Technical Report No. 287. 139 p",,1118
2406,Protected areas of Grenada,Not Reported,Not Reported,01/Oct/2013,English,0,In litteris - in a letter or other documented correspondence,,,1181
758,"Wildlife Protected Areas, Costa Rica","Sistema Nacional de Areas de Conservacion (SINAC), Costa Rica",Not Reported,01/Jan/2008,English,50000,Map of Wildlife Protected Areas in 2008. The 6th (sixth) edition.,,,811
328,Protected areas in the North West Territories (Nahanni National Park),WWF Canada,Not Reported,01/Jan/1995,English,1000000,Data digitised by WWF Canada,,,328
2832,European Common Database on Designated Areas (ECDDA version 10) as provided by the European Environment Agency (EEA),European Environment Agency (EEA),Mette.Lund@eea.europa.eu,01/Jan/2012,English,0,Submitted by National Reference Centres to the European Environment Agency's ReportNet then collated by the European Topic Centre on Biological Diversity and formatted for the WDPA including only records with dissemination code '01' and also Finland.,© Crown copyright and database right [2010] All rights reserved. Ordnance Survey Licence number 100017955,There are specific terms and conditions relating to the use of downloaded boundary data within the United Kingdom.  If you intend to use the UK data you must first agree to the end user licence. http://jncc.defra.gov.uk/page-5476-theme=default,1734
215,Protected areas of Greenland and Norway,"UNEP/GRID-Arendal, Norway",Not Reported,01/Jan/1990,English,0,Not Reported,,,215
267,Trinidad - National parks and other protected areas,"Ministry of Food Production, Land and Marine Affairs (MFPLMA), Trinidad and Tobago",Not Reported,01/Jan/1980,English,150000,Trinidad - National Parks and Other Protected Areas (1980). Seven managed areas categories are depicted on this map.,,,267
765,Sistema Nacional de Areas Protegidas (SINAP)  de Panama,"Administración de Sistemas de Información Ambiental, Dirección de Areas Protegidas y Vida Silvestre, Autoridad Nacional del Ambiente (ANAM), Panama",Not Reported,01/Jan/2009,English,50000,"Mapa base del Instituto Geográfico Nacional Tommy Guardia.  De origen del conjunto de datos: Balboa, Ancón, Panama.",,,822
2483,Wetlands of International Importance (Ramsar),Ramsar Secretariat,Not Reported,01/Jan/2004,English,0,"RAMSAR website. Updated using Ramsar Sites Database from Wetlands International Website (Updated 16th June 2004), accessed 16th June 2004.",,,1297
2427,Protected areas of Trinidad and Tobago,"Wildlife Section, Trinidad and Tobago",Not Reported,01/Jan/1993,English,0,In litteris - in a letter or other documented correspondence,,,1210
2424,Protected Areas of Trinidad and Tobago,"Forest National Parks, Tobago",Not Reported,01/Jan/1996,English,0,In litteris - in a letter or other documented correspondence,,,1207
273,Protected areas of Trinidad,"Mapping & Control Branch, Lands & Surveys Division, Ministry of Planning & Mobilisation, Trinidad and Tobago",Not Reported,01/Jan/1989,English,150000,All forest reserve boundaries digitised by Petroconsultants Ltd. - Polygon closing checked and attributes added at WCMC.,,,273
2429,Protected areas of Antigua and Barbuda,Organization of American States (OAS),Not Reported,01/Jan/1988,English,0,Not Reported,,,1217
637,World Heritage Nomination of Coiba National Park,"National Authority of the Environment (ANAM), Environmental Data and Information Unit, Panama",Not Reported,01/Jan/2005,English,250000,"Coiba NP, Special Zone of Marine Protection and WHS boundary digitized from map in Proposal for inscription for Coiba NP on WH List, Jan 2005. Boundaries of NP, Special Zone of Marine Protection that combine to make Coiba WHS inscribed in July 2005.",,,628
50,Latin American Protected Areas Dataset  (version 2) -'Parques Nacionales Naturales' and 'Santuarios de Fauna y Flora,"Instituto Nacional de los Recursos Naturales Renovables y del Ambiente (INDERENA), Colombia",Not Reported,01/Jan/1992,English,1500000,"Latin American Protected Areas Dataset, Version 2 -'Parques Nacionales Naturales' and 'Santuarios de Fauna y Flora.",,,50
2831,Ramsar Wetlands of International Importance,UNEP-WCMC and Ramsar Secretariat,protectedareas@unep-wcmc.org,01/Jan/2012,English,0,"Points created based on information from official Ramsar list and Ramsar Bulletin Board, December 2012. Polygon (WDPAID 67833) extended and renamed - polygon data from metadata IDs 895 and 947.",,,1733
279,World Heritage Sites and Man and Biosphere Reserves in the USA,"US Geological Survey, USA",Not Reported,01/Jan/1990,English,0,Republica de Venezuela - Areas Bajo Regimen de Administracion Especial (1991),,,279
2572,Hertenrits,"Natuurbeschermingscommissie - Nature Protection Commission, c/o Nature Conservation Div. of the Forest Service, Suriname",Not Reported,01/Oct/2013,English,0,Not Reported,,,1631
574,Ramsar sites,"La Direction R?®gionale de lÔÇÖEnvironnement (DIREN), Guyane",Not Reported,01/Jan/1992,English,5000000,Ramsar sites GIS from S. Linares DIREN Guyane,,,578
2293,European Common Database on Designated Areas (ECDDA version 9) as provided by the European Environment Agency (EEA),European Environment Agency (EEA),Mette.Lund@eea.europa.eu,01/Jan/2011,English,0,Submitted by National Reference Centres to the European Environment Agency's ReportNet then collated by the European Topic Centre on Biological Diversity and formatted for the WDPA including only records with dissemination code '01',,,922
787,"Brazilian Protected Areas (UC Municipal, State and Federal)","Ministry of Environment, Brazil",Helena.Pavese@unep-wcmc.org,01/Jan/2010,English,0,Not Reported,,,846
556,Galapagos Island,The Directorate of the Galapagos National Park,Not Reported,01/Jan/2004,English,0,GIS dataset supplied by the Galapagos National Park.,,,560
2330,Protected Areas of Ecuador,"Ministerio del Ambiente, Ecuador",Not Reported,01/Jan/2008,English,0,"News bulletin No. 137 from the Ministerio del Ambiente (Ecuador) entitled NUEVA ÁREA PROTEGIDA EN LA PROVINCIA DE SANTA ELENA', dated 24/09/2008",,,971
489,Protected areas of Ecuador,"Conservation International, Washington, USA",Not Reported,01/Jan/2002,English,0,Data exchange workshop between multiple NGOs convened by Conservation International in Washington in October 2002,,,490
2833,Protected Areas of Peru,"Servicio Nacional de Areas Naturales Protegidas por el Estado, Ministerio de Ambiete, Peru",Not Reported,01/Jan/2013,English,0,Not Reported,,,1735
644,Sistema Nacional de Áreas Protegidas - SINANPE,"Instituto Nacional de Recursos Naturales (INRENA), Peru",Not Reported,01/Jan/2005,English,0,"National Protected Areas (Sistema Nacional de Áreas Protegidas - SINANPE) from INRENA. SINAPE dataset current to 27th May 2005 due to the creation of the Landscape Reserve Subcuenca del Cotahuasi, or Reserva Paisajistica Subcuenca del Cotahuasi.",,,635
715,Federal and State protected areas of Brazil,"Ministério do Meio Ambiente (MMA), Brazil",Not Reported,01/Jan/2006,English,0,Ministério do Meio Ambiente provided protected areas dataset for Federal and State systems,,,708
2643,"Cadastro Nacional de Unidades de Conservação, Brazil","Diretoria do Programa Nacional de Áreas Protegidas, Secretaria de Biodiversidade e Florestas, Ministério do Meio Ambiente, Brazil",Not Reported,01/Jan/2007,English,0,August 2007,,,1525
2076,Áreas Protegidas de Chile,"Ministerio del Medio Ambiente, Departamento de Estadisticas e Información Ambiental, Chile","Karin Molt, kmolt@mma.gob.cl; Claudia Cortés, claudia.cortes@mma.gov.cl                                              Organización: MMA",01/Jan/2010,English,250000,"Proyecto “Actualización y Estandarización de la Cartografía Digital de las Áreas Protegidas de Chile”  financiada por la Secretaria General de la Organización de los Estados Americanos (OEA).
Departamento de Desarrollo Sostenible d","Áreas protegidas de Chile, Ministerio del Medio Ambiente (2010)",,919
2286,"Indigenous Areas of Brazil
","Coordenação Geral de Geoprocessamento (CGGEO)/ Fundação Nacional do Índio (FUNAI ), Brazil
","cggeo.informacao@funai.gov.br
",01/Jan/2011,English,100000,Not Reported,,,905
2826,Protected Areas of Argentina,"The Nature Conservancy (TNC) Latin America, Ecuador and Administración de Parques Nacionales (APN), Argentina",Not Reported,01/Jan/2008,English,0,"Spatial data, names and designations sourced from TNC Latin American PA dataset 2008. All other attribute data from previous source - metadata ID 1200 - Administración de Parques Nacionales (APN), Argentina, 1998.",,,1728
2353,Protected Areas of Argentina,"Administración de Parques Nacionales (APN), Argentina",Not Reported,01/Jan/1994,English,0,Not Reported,,,1001
2824,Protected Areas of Argentina,"The Nature Conservancy (TNC) Latin America, Ecuador and Administración de Parques Nacionales (APN), Argentina",Not Reported,01/Jan/2008,English,0,"Spatial data, names and designations sourced from TNC Latin American PA dataset 2008. All other attribute data from previous source - metadata ID 1001 - Administración de Parques Nacionales (APN), Argentina, 1994.",,,1726
2677,Protected Areas of Uruguay,"Information Management, Dept. Environmental Information System, DINAMA, MVOTMA, Uruguay",rosina.segui@dinama.gub.uy,01/Jan/2012,English,50000,"PAs whose boundaries defined/proposed by law. Some integrated into National System of PAs (SNAP) & others in process of entering system. Boundaries based on info stated in regulations, proposals, incoming projects to SNAP & interviews with stakeholders.",,,1709
2819,Protected Areas of Argentina,"The Nature Conservancy (TNC) Latin America, Ecuador",Not Reported,01/Jan/2008,English,0,"Spatial data, names and designations sourced from TNC Latin American PA dataset 2008. All other attribute data from previous source - metadata ID 3 - from 1991.",,,1721
2274,NOAA MPA Inventory Essential Fish Habitat Conservation Area,"National Oceanic and Atmospheric Administration (NOAA), USA",Mimi.Diorio@noaa.gov,01/Jan/2010,English,0,"Provided to WCMC. NOAA processes: GIS data for all sites were collected from authoritative sources. Data were either downloaded from public websites, requested directly from MPA managers or digitized based on legal definitions by GIS manager.","Department of Commerce, National Oceanic and Atmospheric Administration, Ocean and Coastal Resource Management, National Marine Protected Areas Center (2010) Essential Fish Habitat subset of the MPA Inventory, NOAA's Ocean Service, (MPAC), Monterey, CA",,879
1924,Ramsar Wetlands of International Importance,Ramsar Secretariat,protectedareas@unep-wcmc.org,01/Jan/2011,English,0,"Site locations taken from Lat/Lons provided, and refined where necessary. Previous information on whether sites are marine and area figures were transferred to these data. Doc from www.ramsar.org/cda/en/ramsar-documents-list/main/ramsar/1-31-218_4000_0__",The Secretariat of the Convention on Wetlands (2011) Wetlands of International Importance (Ramsar sites).,,911
2302,Ramsar Wetlands of International Importance,Ramsar Secretariat,protectedareas@unep-wcmc.org,01/Jan/2012,English,0,"Information based on Ramsar List received from Ramsar Secretariat, March 2012. Polygons created using national polygons.",,,1673
2073,Peruvian National Natural Protected Areas,Servicio Nacional de Areas Protegidas por el Estado or SERNANP (National service of Natural Protected Areas) of the Environmental Ministry of Peru,mhuancauqui@sernanp.gob.pe,01/Jan/2011,English,100000,"The cadastre of National Natural Protected Areas are delimited based on the National Letters of the National Geographic Institute, at the scale of 1:100 000, and stored in Shape Format Files, in a Datum WGS 84 geographic coordinate projection, which is u",,,920
2292,Marine Protected Areas with No Take,"MPA Global, UNEP-WCMC & WWF",protectedareas@unep-wcmc.org,01/Jan/2008,English,0,MPAs with no-take areas were integrated from the MPA Global dataset,"Wood, L. J. (2008). MPA Global: A database of the world's marine protected areas. Sea Around Us Project, UNEP-WCMC & WWF",,921
2280,Conservation of Arctic Flora and Fauna protected areas dataset,"Conservation of Arctic Flora and Fauna (CAFF) - Executive Secretary, Borgir, Nordurslod, 600 Akureyri, Iceland, +3544623350",caff@caff.is,01/Jan/2010,English,0,"The  CAFF dataset started as a subset of the WDPA that was improved through official updates and verification.  All data included in the CAFF dataset (2010) was validated, updated or submitted via focal points in the relevant national government agencies",,,890
2109,UNESCO-MAB Biosphere Reserves,UNESCO-MAB and UNEP-WCMC,protectedareas@unep-wcmc.org,01/Jan/2012,English,0,"Point locations generated from latitudes & longitudes provided by UNESCO, along with attribute information. Areas taken from the Directory of the World Network of Biosphere Reserves online.",,,1688
2670,Ramsar Wetlands of International Importance,Ramsar Secretariat and UNEP-WCMC,protectedareas@unep-wcmc.org,01/Jan/2012,English,0,Information from on Ramsar Bulletin Board and Ramsar News Archives accessed from March-June 2012. Polygons updated/created using national polygons.,,,1698
2418,Protected areas of Argentina,"Administración de Parques Nacionales (APN), Argentina",Not Reported,01/Jan/1998,English,0,Not Reported,,,1200
2823,Protected Areas of Argentina,"The Nature Conservancy (TNC) Latin America, Ecuador and UNESCO-MAB",Not Reported,01/Jan/2008,English,0,"Spatial data sourced from TNC Latin American PA dataset 2008. Attribute data from previous source - metadata ID 988 - MAB website (updated 3rd June 2004), accessed June 2004.",,,1725
3,Sistema Nacional de Areas Protegidas - Republica Argentina,Not Reported,Not Reported,01/Jan/1991,English,5000000,"Point data were derived from a dyeline 1:5,000,000 scale map Sistema Nacional de Areas Protegidas - República Argentina (1991), prepared by Rodolfo Burkart and Pedro Benavente at a scale of 1:5,000,000.",,,3
2626,Kure Atoll,UNEP-WCMC,Not Reported,01/Jan/1995,English,0,http://hawaiireef.noaa.gov/maps/maps.html; Data taken from the web site and converted into digital outlines at UNEP-WCMC.,,,1107
2358,Protected Areas of Argentina,"Provincia de Rio Negro, Consejo de Ecologia y Medio Ambiente - Delegacion Bariloche",Not Reported,01/Jan/1996,English,0,"D. Paz Barreto, Jan 1996. in litt",,,1007
2825,Protected Areas of Argentina,"The Nature Conservancy (TNC) Latin America, Ecuador and Provincia de Rio Negro, Consejo de Ecologia y Medio Ambiente - Delegacion Bariloche",Not Reported,01/Jan/2008,English,0,"Spatial data, names and designations sourced from TNC Latin American PA dataset 2008. All other attribute data from previous source - metadata ID 1007 - from 1996.",,,1727
2820,Protected Areas of Argentina,"The Nature Conservancy (TNC) Latin America, Ecuador",Not Reported,01/Jan/2008,English,0,"Spatial data, names and designations sourced from TNC Latin American PA dataset 2008. All other attribute data from previous source - metadata ID 926 - Kelleher, G., Bleakley, C. and Wells, S. (1995).",,,1722
2272,Protected Areas of Liberia,"Forestry Development Authority, Liberia",jodkantor@yahoo.com,01/Jan/2010,English,0,"The Forestry Development Authority(FDA) provided the most recent dataset of protected areas in Liberia, which includes 2 gazetted sites and 13 proposed sites",Forestry Development Authority (2010) Protected Areas of Liberia,,876
2361,Protected Areas of Argentina,"The Nature Conservancy (TNC) Latin America, Ecuador",Not Reported,01/Jan/2008,English,0,"Spatial data, names and designations sourced from TNC Latin American PA dataset 2008. All other attribute data from previous unknown source of 'Merino' in 1987.",,,1019
2817,Protected Areas of Argentina,"The Nature Conservancy (TNC) Latin America, Ecuador and Administración de Parques Nacionales (APN), Argentina",Not Reported,01/Jan/2008,English,0,"Spatial data, names and designations sourced from TNC Latin American PA dataset 2008. All other attribute data from previous source - metadata ID 292 - Administración de Parques Nacionales (APN), Argentina, 1997.",,,1719
2374,Protected Areas of Falkland Islands,Falkland Islands Government,Not Reported,01/Jan/1993,English,0,Agency response to UN List 1993 data request,,,1057
291,Parque Nacional Tierra del Fuego,"Instituto Geográfico Militar, Argentina and The Nature Conservancy (TNC) Latin America, Ecuador",Not Reported,01/Jan/2008,English,0,"Original attribute data from Instituto Geográfico Militar, Argentina, 1980. Spatial data updated by 2008 TNC Latin American dataset.",,,291
145,South Georgia and South Sandwich Islands,Not Reported,Not Reported,01/Jan/1990,English,0,Not Reported,,,145
2307,South Georgia and South Sandwich Islands Marine Protected Area,"Government of South Georgia & South Sandwich Islands, Government House, Stanley, Falkland Islands
",dof@gov.gs,01/Jan/2012,English,0,"Information provided by Government of South Georgia & South Sandwich Islands and from management plan, with polygon provided via the British Antarctic Survey",,,1679
